"0","dbinom(x = 0:4, size = 4, prob = 0.75, log = FALSE)
"
"1","[1]"
"1"," 0.00390625"
"1"," 0.04687500"
"1"," 0.21093750"
"1","
"
"1","[4]"
"1"," 0.42187500"
"1"," 0.31640625"
"1","
"
