"0","pbinom(q = 0:4, size = 4, prob = 0.75)
"
"1","[1]"
"1"," 0.00390625"
"1"," 0.05078125"
"1"," 0.26171875"
"1","
"
"1","[4]"
"1"," 0.68359375"
"1"," 1.00000000"
"1","
"
